insert into public.brands (
  id,
  slug,
  name,
  category,
  logo_url,
  website_url,
  is_active
)
values
  ('00000000-0000-0000-0000-000000000101', 'oliveyoung', '올리브영', 'beauty', 'https://cdn.salecalendar.example/logo/oliveyoung.png', 'https://www.oliveyoung.co.kr', true),
  ('00000000-0000-0000-0000-000000000102', 'musinsa', '무신사', 'fashion', 'https://cdn.salecalendar.example/logo/musinsa.png', 'https://www.musinsa.com', true),
  ('00000000-0000-0000-0000-000000000103', 'zara', 'ZARA', 'fashion', 'https://cdn.salecalendar.example/logo/zara.png', 'https://www.zara.com/kr', true),
  ('00000000-0000-0000-0000-000000000104', 'uniqlo', 'UNIQLO', 'lifestyle', 'https://cdn.salecalendar.example/logo/uniqlo.png', 'https://www.uniqlo.com/kr', true)
on conflict (slug)
do update set
  name = excluded.name,
  category = excluded.category,
  logo_url = excluded.logo_url,
  website_url = excluded.website_url,
  is_active = excluded.is_active,
  updated_at = now();

insert into public.brand_sources (
  id,
  brand_id,
  source_type,
  source_name,
  base_url,
  schedule_cron,
  poll_interval_minutes,
  is_enabled,
  config_json
)
values
  ('00000000-0000-0000-0000-000000000201', '00000000-0000-0000-0000-000000000101', 'public_page', 'oliveyoung-sale-page', 'https://www.oliveyoung.co.kr/store/main/main.do', '*/10 * * * *', 10, true, '{}'::jsonb),
  ('00000000-0000-0000-0000-000000000202', '00000000-0000-0000-0000-000000000102', 'public_page', 'musinsa-sale-page', 'https://www.musinsa.com', '*/10 * * * *', 10, true, '{}'::jsonb),
  ('00000000-0000-0000-0000-000000000203', '00000000-0000-0000-0000-000000000103', 'public_page', 'zara-sale-page', 'https://www.zara.com/kr', '*/15 * * * *', 15, true, '{}'::jsonb),
  ('00000000-0000-0000-0000-000000000204', '00000000-0000-0000-0000-000000000104', 'manual_feed', 'uniqlo-manual-feed', 'https://www.uniqlo.com/kr', '*/30 * * * *', 30, true, '{}'::jsonb)
on conflict (brand_id, source_name)
do update set
  source_type = excluded.source_type,
  base_url = excluded.base_url,
  schedule_cron = excluded.schedule_cron,
  poll_interval_minutes = excluded.poll_interval_minutes,
  is_enabled = excluded.is_enabled,
  config_json = excluded.config_json,
  updated_at = now();

insert into public.sale_events (
  id,
  brand_id,
  source_id,
  external_id,
  title,
  summary,
  sale_url,
  image_url,
  start_at,
  end_at,
  is_all_day,
  timezone,
  status,
  discount_percent,
  discount_label,
  original_price_min,
  sale_price_min,
  categories_json,
  tags_json,
  normalized_hash,
  first_seen_at,
  last_seen_at,
  last_changed_at
)
values
  (
    '00000000-0000-0000-0000-000000000301',
    '00000000-0000-0000-0000-000000000101',
    '00000000-0000-0000-0000-000000000201',
    'oliveyoung-2026-spring-week',
    '올리브영 봄 세일',
    '스킨케어/메이크업 최대 50% 할인',
    'https://www.oliveyoung.co.kr/event/spring-sale',
    'https://cdn.salecalendar.example/event/oliveyoung-spring-sale.jpg',
    '2026-04-05T00:00:00+09:00',
    '2026-04-12T23:59:00+09:00',
    false,
    'Asia/Seoul',
    'active',
    50.00,
    '최대 50% 할인',
    120000.00,
    60000.00,
    '["beauty","skincare"]'::jsonb,
    '["spring","hot"]'::jsonb,
    'hash-oliveyoung-2026-spring-week',
    now(),
    now(),
    now()
  ),
  (
    '00000000-0000-0000-0000-000000000302',
    '00000000-0000-0000-0000-000000000102',
    '00000000-0000-0000-0000-000000000202',
    'musinsa-2026-denim-fest',
    '무신사 데님 페스티벌',
    '데님 카테고리 최대 35% 할인',
    'https://www.musinsa.com/event/denim-festival',
    'https://cdn.salecalendar.example/event/musinsa-denim.jpg',
    '2026-04-15T10:00:00+09:00',
    '2026-04-20T23:00:00+09:00',
    false,
    'Asia/Seoul',
    'upcoming',
    35.00,
    '최대 35% 할인',
    189000.00,
    122850.00,
    '["fashion","denim"]'::jsonb,
    '["new","festival"]'::jsonb,
    'hash-musinsa-2026-denim-fest',
    now(),
    now(),
    now()
  ),
  (
    '00000000-0000-0000-0000-000000000303',
    '00000000-0000-0000-0000-000000000103',
    '00000000-0000-0000-0000-000000000203',
    'zara-2026-mid-season',
    'ZARA 미드 시즌 세일',
    '셀렉트 상품 최대 40% 할인',
    'https://www.zara.com/kr/ko/sale',
    'https://cdn.salecalendar.example/event/zara-mid-season.jpg',
    '2026-03-20T00:00:00+09:00',
    '2026-03-31T23:59:00+09:00',
    false,
    'Asia/Seoul',
    'ended',
    40.00,
    '최대 40% 할인',
    99000.00,
    59400.00,
    '["fashion"]'::jsonb,
    '["seasonal"]'::jsonb,
    'hash-zara-2026-mid-season',
    now(),
    now(),
    now()
  ),
  (
    '00000000-0000-0000-0000-000000000304',
    '00000000-0000-0000-0000-000000000104',
    '00000000-0000-0000-0000-000000000204',
    'uniqlo-2026-golden-week',
    'UNIQLO 골든 위크 특가',
    '에어리즘/이너웨어 특별 프로모션',
    'https://www.uniqlo.com/kr/ko/special-feature/golden-week',
    'https://cdn.salecalendar.example/event/uniqlo-golden-week.jpg',
    null,
    null,
    false,
    'Asia/Seoul',
    'unknown',
    null,
    '기간 미정 특가',
    null,
    null,
    '["lifestyle","innerwear"]'::jsonb,
    '["unknown-period"]'::jsonb,
    'hash-uniqlo-2026-golden-week',
    now(),
    now(),
    now()
  ),
  (
    '00000000-0000-0000-0000-000000000305',
    '00000000-0000-0000-0000-000000000101',
    '00000000-0000-0000-0000-000000000201',
    'oliveyoung-2026-night-routine',
    '올리브영 나이트 루틴 기획전',
    '슬리핑팩/클렌저 최대 25% 할인',
    'https://www.oliveyoung.co.kr/event/night-routine',
    'https://cdn.salecalendar.example/event/oliveyoung-night-routine.jpg',
    '2026-04-22T00:00:00+09:00',
    '2026-04-28T23:59:00+09:00',
    false,
    'Asia/Seoul',
    'upcoming',
    25.00,
    '최대 25% 할인',
    58000.00,
    43500.00,
    '["beauty"]'::jsonb,
    '["routine"]'::jsonb,
    'hash-oliveyoung-2026-night-routine',
    now(),
    now(),
    now()
  )
on conflict (source_id, external_id)
do update set
  title = excluded.title,
  summary = excluded.summary,
  sale_url = excluded.sale_url,
  image_url = excluded.image_url,
  start_at = excluded.start_at,
  end_at = excluded.end_at,
  is_all_day = excluded.is_all_day,
  timezone = excluded.timezone,
  status = excluded.status,
  discount_percent = excluded.discount_percent,
  discount_label = excluded.discount_label,
  original_price_min = excluded.original_price_min,
  sale_price_min = excluded.sale_price_min,
  categories_json = excluded.categories_json,
  tags_json = excluded.tags_json,
  normalized_hash = excluded.normalized_hash,
  last_seen_at = now(),
  last_changed_at = now(),
  updated_at = now();

insert into public.sale_event_snapshots (
  id,
  sale_event_id,
  raw_payload_json,
  normalized_payload_json,
  snapshot_hash,
  detected_at
)
values
  (
    '00000000-0000-0000-0000-000000000401',
    '00000000-0000-0000-0000-000000000301',
    '{"source":"seed","external_id":"oliveyoung-2026-spring-week","discount":"50%"}'::jsonb,
    '{"title":"올리브영 봄 세일","status":"active","discount_percent":50}'::jsonb,
    'snapshot-hash-301-v1',
    now()
  ),
  (
    '00000000-0000-0000-0000-000000000402',
    '00000000-0000-0000-0000-000000000302',
    '{"source":"seed","external_id":"musinsa-2026-denim-fest","discount":"35%"}'::jsonb,
    '{"title":"무신사 데님 페스티벌","status":"upcoming","discount_percent":35}'::jsonb,
    'snapshot-hash-302-v1',
    now()
  )
on conflict (sale_event_id, snapshot_hash)
do nothing;